ID,SOFTWARE
001,ODONTOSFERA
002,ODONTOTECH K2
003,OBJETIVA
004,ODONTOTECH K2
005,PRÓPRIO
006,ODONTOSFERA
007,ODONTOTECH K2
008,SISUNI WEB
009,ODONTOSFERA
011,PRÓPRIO
014,ODONTOSFERA
015,ODONTOSFERA
016,ODONTOSFERA
017,ODONTOTECH K2
018,ODONTOTECH K2
019,ODONTOTECH K2
020,DATASYS PROTHEUS
024,ODONTOTECH K2
026,ODONTOTECH K2
028,ODONTOTECH K2
029,ODONTOTECH K2
030,PRATICA SOLUÇÕES
031,ODONTOTECH K2
033,ODONTOTECH K2
034,ODONTOSFERA
036,SIGO
037,ODONTOTECH K2
038,SIGO
040,PRÓPRIO
041,ODONTOSFERA
042,ODONTOSFERA
043,ODONTOTECH K2
045,ODONTOSFERA
046,ODONTOTECH K2
048,ODONTOTECH K2
049,ODONTOSFERA
051,ODONTOTECH K2
052,ODONTOTECH K2
054,ODONTOTECH K2
056,ODONTOTECH K2
059,ODONTOTECH K2
061,ODONTOTECH K2
062,ODONTOTECH K2
063,ODONTOSFERA
064,ODONTOTECH K2
065,ODONTOTECH K2
066,UNIOWEB
072,ODONTOTECH K2
074,OBJETIVA
075,ODONTOTECH K2
076,SIGU
078,SIGO
079,ODONTOTECH K2
081,ODONTOWEB
083,ODONTOTECH K2
084,ODONTOTECH K2
085,ODONTOTECH K2
088,SIGO
089,ODONTOSFERA
090,ODONTOTECH K2
093,ODONTOTECH K2
094,ODONTOTECH K2
098,ODONTOTECH K2
100,ODONTOTECH K2
101,ODONTOSFERA
104,PRATICA SOLUÇÕES
105,ODONTOSFERA
112,ODONTO WEB
113,ODONTOTECH K2
114,ODONTOSFERA
118,ODONTOTECH K2
120,ODONTOSFERA
121,ODONTOTECH K2
122,ODONTOTECH K2
127,ODONTOTECH K2
128,ODONTOTECH K2
129,ODONTOTECH K2
130,ODONTOSFERA
132,ODONTOTECH K2
134,ODONTOTECH K2
138,ODONTOSFERA
139,ODONTOSFERA
144,ODONTOTECH K2
148,ODONTOTECH K2
151,ODONTOTECH K2
155,ODONTOTECH K2
156,ODONTOSFERA
157,ODONTOSFERA
160,ODONTOSFERA
161,ODONTOSFERA
162,ODONTOTECH K2
164,ODONTOTECH K2
166,ODONTOTECH K2
167,SIGO
169,ODONTOTECH K2
170,ODONTOTECH K2
174,OBJETIVA
176,ODONTOTECH K2
182,ODONTOSFERA
183,
190,PRÓPRIO
191,ODONTOSFERA
192,ODONTOSFERA
800,ODONTOSFERA
801,OBJETIVA
805,
900,ODONTOTECH K2
905,
906,ODONTO WEB
908,
909,PRÓPRIO
999,